Time,lat,long,speed,ctr,CO2,TVOCi,NOxi,PC 0.03,PC 0.05,PC 1.0,PC 2.5,correctedPM 2.5,temp,humidity
09:58:05,33.01821062,-117.27613614,2.01999998092651,64,438.67,99,1,177.5,155.3,31,1,0,18,60
09:58:07,33.01825779,-117.27614117,3.44000005722046,65,438.33,99,1,165.8,141.3,29.7,0.3,0,18,60
09:58:10,33.01834347,-117.27624298,3.19000005722046,66,438.33,99,1,158.5,133.2,30.8,0.7,0,18,60
09:58:13,33.0184507,-117.27623676,2.73000001907349,67,438,99.1,1,144.3,120.2,35.2,2,0,18,61
09:58:17,33.01857088,-117.27639636,3.22000002861023,68,438,99.9,1,139.7,118.3,37.7,2.7,0,18,61
09:58:19,33.0186171,-117.27641877,3.41000008583069,69,437.67,101.6,1,137.2,118.2,40.8,4.7,0,18,61
09:58:22,33.01873091,-117.27638222,4.44000005722046,70,437.67,103.6,1,133.8,115.3,38,4.7,0,18,61
09:58:26,33.0188518,-117.27656476,2.75999999046326,71,437.33,105.6,1,140.3,117.7,36,5.7,0,18,61
09:58:29,33.01901855,-117.27672215,3.48000001907349,72,437,107,1,142.7,118.7,36.3,6,0,18,61
09:58:32,33.01912099,-117.27675042,4.82000017166138,73,437,107.6,1,153.5,128,39.8,6,2.2,18,61
09:58:35,33.0192681,-117.27685765,4.75,74,437,107.8,1,159.5,132.5,44.3,6.7,2.2,18,61
09:58:37,33.01935963,-117.2768536,4.46000003814697,75,437,107.6,1,158.2,129.8,43.3,7,2.2,18,61
09:58:41,33.01949395,-117.27701064,3.84999990463257,76,436.67,107,1,159.2,129,42.5,7.3,2.2,18,61
09:58:44,33.01964817,-117.27713947,4.21000003814697,77,436.33,106.2,1,150.8,121.5,36.5,7.3,2.4,18,61
09:58:47,33.01979005,-117.27708197,3.35999989509583,78,436.33,105.5,1,146.5,119.7,32.3,7,2.5,18,61
09:58:49,33.01980337,-117.27696872,2.07999992370605,79,436,104.8,1,143.2,120.7,29.3,6,2.7,18,60
09:58:52,33.01980976,-117.27693837,2.52999997138977,80,436,104.4,1,141.2,120.8,27.3,5.7,2.8,18,60
09:58:55,33.01979273,-117.27680041,2.46000003814697,81,435.67,104.2,1,151.2,131.5,27,5,2.7,18,60
09:58:59,33.01992001,-117.27674518,1.89999997615814,82,435.67,104,1,155.5,134.8,28.3,5,2.6,18,60
09:59:06,33.0199355,-117.27660301,1.75,84,435,104,1,164.2,144.2,38,7.7,2.3,18,60
09:59:09,33.02005271,-117.27643251,1.72000002861023,85,435,104,1,168.2,149.8,44.7,10,2.4,18,60
09:59:17,33.02005615,-117.27637633,2.21000003814697,88,436,104,1,169.2,144.8,34.5,6,2.6,18,60
09:59:21,33.02018229,-117.27631676,2.11999988555908,89,437,104.1,1,163.5,132.2,29.8,3,2.5,18,60
09:59:32,33.02010725,-117.27602672,3.08999991416931,93,441.67,104.5,1,140.2,119,23.2,5.7,0,19,60
09:59:34,33.02026855,-117.27616425,2.29999995231628,94,441.67,104.2,1,131.2,112.2,20.3,5,0,19,60
09:59:42,33.02045357,-117.27622314,2.25999999046326,96,443.33,104,1,126,108.7,20,1.7,0,19,60
09:59:48,33.02056595,-117.27631703,1.95000004768372,98,444.67,103.8,1,132.7,118.7,22.3,0.7,0,19,60
09:59:50,33.0206055,-117.27635143,2.51999998092651,99,446,103.5,1,131.3,120,23.7,1.7,0,19,59
09:59:54,33.02074399,-117.27642012,2.21000003814697,100,446.67,103.2,1,134.2,122.8,25,2.7,0,19,59
09:59:56,33.02082449,-117.27647974,2.61999988555908,101,446.67,103,1,140.7,127.3,26.7,3.7,0,19,59
10:00:00,33.0208796,-117.27657116,3.09999990463257,102,446.67,103,1,143.3,128.7,27.7,4,0,19,59
10:00:09,33.02107055,-117.27662489,2.42000007629395,105,446,103,1,139.5,120.2,30.3,1,0,19,59
10:00:14,33.02108789,-117.27673053,0.709999978542328,107,446,102.6,1,157.5,136.7,33,2,0,19,58
10:00:21,33.02130324,-117.27683985,2,109,445.33,102.2,1,177.5,157.7,29.3,5.3,0,19,58
10:00:25,33.02141338,-117.27693462,3.04999995231628,111,445.33,102.7,1,146.7,130.2,19.7,5,2.4,19,58
10:00:30,33.021596,-117.27700345,2.69000005722046,112,445.67,103.4,1,139.5,121.8,19.3,4.7,2.4,19,58
10:00:38,33.02162997,-117.27706367,0.97000002861023,115,446,109.2,1,133.8,113.5,21.7,1.7,2.5,19,58
10:00:44,33.02176157,-117.27704452,1.75999999046326,117,446.67,112.4,1,117.8,106,16.3,1,2.5,19,58
10:00:50,33.02177046,-117.2768988,2.05999994277954,119,446.33,113,1,98.7,91.3,11.7,2.3,0,19,58
10:00:56,33.02179535,-117.27677739,2.41000008583069,121,445,113,1,102.2,91.8,13.3,2.7,0,19,58
10:01:02,33.02195321,-117.27666189,2.17000007629395,123,444.67,113.4,1,117.7,100.7,24.7,3.3,0,19,58
10:01:08,33.02189983,-117.27654737,2.10999989509583,125,444.67,114.2,1,142.8,118.2,37.7,4.7,0,19,58
10:01:14,33.022073,-117.27642653,2.23000001907349,127,445,114.3,1,159.5,133.2,40.3,6,0,19,58
10:01:21,33.0222378,-117.27623555,2.90000009536743,129,445,114,1,143.7,121,37.3,6.7,0,19,58
10:01:25,33.02217853,-117.27606986,3.59999990463257,131,445.33,113.5,1,133.5,110.8,35.3,6,2.4,19,58
10:01:35,33.02268092,-117.27632656,4.6100001335144,134,446.67,112.2,1,148,126.3,34.3,6.7,2.7,19,58
10:01:40,33.02283888,-117.27648322,3.77999997138977,136,448.67,110.7,1,164.3,145,34.3,7,2.6,19,58
10:01:42,33.02289304,-117.27644111,3.38000011444092,136,448.67,110.7,1,164.3,145,34.3,7,2.6,19,58
10:01:46,33.0230266,-117.27652393,4.11999988555908,138,449.33,109.4,1,154.7,135.7,26.3,3.7,2.4,19,58
10:01:49,33.02308467,-117.27662791,2.05999994277954,139,449,109.2,1,141.2,124.5,23,2.7,0,20,58
10:01:52,33.02321559,-117.27661127,3.78999996185303,140,448.67,109,1,136.5,120.5,22.3,3,0,20,57
10:01:59,33.02344839,-117.27687852,3.76999998092651,142,448.33,109,1,155.2,135.8,27.7,6.3,0,20,57
10:02:06,33.02374042,-117.2770802,4.40000009536743,144,448,108.8,1,166,142.3,24.3,5.3,0,20,57
10:02:11,33.02379834,-117.27695922,2.59999990463257,146,447.33,108.2,1,141.5,117,14.7,2.3,0,20,57
10:02:18,33.02396601,-117.27681571,3.47000002861023,148,444,108,1,134.7,113.2,14,1.7,0,20,57
10:02:23,33.0241111,-117.27651385,5.34000015258789,150,442,108,1,132.5,112.8,15.7,1,0,20,57
10:02:29,33.0243069,-117.27645343,6.1100001335144,152,438.33,108,1,123,99,17.3,1.3,0,20,57
10:02:35,33.02457795,-117.27670917,3.92000007629395,154,437,108,1,117,97.7,18.7,2,0,20,57
10:02:44,33.02488222,-117.27688093,4.1100001335144,157,435.67,107.2,1,104.5,86,24.7,3,0,20,56
10:02:50,33.02517019,-117.27709573,3.98000001907349,159,435,107,1,124.8,95.8,23.3,3.3,0,20,56
10:02:56,33.02538212,-117.27725007,5.07999992370606,161,432.67,107,1,136.3,105.5,17.3,3.7,0,20,56
10:03:03,33.02568304,-117.27733489,3.1800000667572,163,431,107,1,121,100,13.7,2,0,20,56
10:03:09,33.0258229,-117.27714453,3.44000005722046,165,428.67,106.9,1,108.7,96.7,13.3,1.3,0,20,56
10:03:14,33.02580861,-117.27693143,2.91000008583069,167,428,106.4,1,100.8,88.3,10,1.3,0,20,56
10:03:20,33.02585455,-117.27662695,1.79999995231628,169,426.67,106.1,1,102.5,83.5,7.7,0.3,0,20,56
10:03:33,33.02606581,-117.27616687,5.76000022888184,173,427,107,1,112.8,97.3,14,0,0,20,56
10:03:38,33.02602899,-117.27594112,3.45000004768372,175,427,107,1,125,108.7,16.3,0,0,20,56
10:03:44,33.02599776,-117.27605329,0.270000010728836,177,427,106.6,1,124.8,105.5,19,2,0,20,56
10:03:51,33.02611973,-117.27606119,0.319999992847443,179,427,105.9,1,116.7,100.7,21.7,3.3,0,20,55
10:03:57,33.02601309,-117.27603818,0,181,427.67,105.2,1,111.2,97.2,22.3,1.3,0,20,54
10:03:59,33.0260892,-117.27603379,0.200000002980232,182,427.67,104.8,1,106.8,91.2,20.7,0.7,0,20,54
10:04:03,33.0259416,-117.27603619,0.389999985694885,183,428,104.4,1,97.7,78,17.7,0,0,20,54
10:04:05,33.02593146,-117.27602571,0,184,428,104.2,1,91.3,69.3,17,0.3,0,20,53
10:04:09,33.02595593,-117.27607389,0.300000011920929,185,428,104,1,85.7,62.3,19.3,2.3,0,20,53
10:04:12,33.02597188,-117.27606145,0.649999976158142,186,428,104,1,84.5,62.2,21.3,3.3,0,20,53
10:04:14,33.02601679,-117.27607871,0.379999995231628,187,428,104,1,84.3,66.3,23.7,5,0,20,53
10:04:17,33.02608491,-117.27604663,0.430000007152557,188,427.67,104,1,85.3,70.3,23,5,0,20,53
10:04:21,33.02602932,-117.27604504,0.310000002384186,189,427.67,104.2,1,85,73.7,20.3,3,0,20,53
10:04:27,33.02599235,-117.27603876,0,191,427.33,105.2,1,82.7,74.7,16.3,0.3,0,20,53
10:04:33,33.02610037,-117.27600031,1.27999997138977,193,427,107.7,1,82.3,71.7,14.3,0,0,20,53
10:04:41,33.02598086,-117.27561267,6.23000001907349,196,426.33,115.2,1,81.3,65.7,14.3,0,0,21,54
10:04:47,33.02540354,-117.27520561,9.30000019073486,198,426,119.2,1,82.7,59.3,10,0,0,21,54
10:04:54,33.02497439,-117.27480312,11.8599996566772,200,425.67,117.7,1,95.3,71,9.7,0.3,0,21,54
10:04:59,33.02443475,-117.274453,13.1700000762939,202,425.67,113.8,1,108.8,97.2,22.3,3.3,0,21,54
10:05:08,33.02343215,-117.27407715,10.9300003051758,205,426,111,1,107.3,95.7,27.3,4,0,21,53
10:05:14,33.02280525,-117.27400282,10.6899995803833,207,426,110.3,1,114.5,103.2,24,4.7,0,21,53
10:05:20,33.02227398,-117.2738376,10.1099996566772,209,425.67,109.2,1,162.8,147.8,33.7,10.3,0,21,53
10:05:26,33.02167869,-117.27380434,10,211,425,107.5,1,183.2,163.8,40.3,14.3,0,21,54
10:05:35,33.02081539,-117.27369952,10.1000003814697,214,424,104,1,170.7,135.7,43.3,14,2.7,21,54
10:05:41,33.0202313,-117.27355102,10.9499998092651,216,424,101,1,172.2,138.5,39,7.3,2.8,21,54
10:05:51,33.01944057,-117.27339918,6.76999998092651,219,424.33,93.5,1,130.7,110.7,24.7,2,3.1,21,53
10:05:56,33.01940272,-117.27378481,5.73999977111816,221,424,87.9,1,103.7,86,16,0.7,2.8,21,53
10:06:00,33.01944581,-117.27401056,6.46000003814697,222,424,85.8,1,102.7,85.7,14.7,0.3,2.7,21,53
10:06:09,33.01914622,-117.27432391,6.8600001335144,225,424,84.3,1,122.5,105.2,16,0,0,21,53
10:06:15,33.01874747,-117.27435803,8.03999996185303,227,424,86.4,1,135.8,115.2,17.7,0.7,0,21,54
10:06:21,33.01825829,-117.27434356,9.06999969482422,229,424,87.8,1,149,127,21.3,2.7,0,21,55
10:06:24,33.01797907,-117.27435417,9.88000011444092,230,424,88.2,1,148.5,127.2,21.7,3.7,0,21,55
10:06:27,33.01772467,-117.27430309,9.38000011444092,231,424,88.4,1,137.7,117.7,23,4.3,0,21,55
10:06:35,33.01697602,-117.27420149,9.77000045776367,234,424,89,1,117,101.3,28.3,6,0,21,55
10:06:41,33.01648534,-117.27417739,9,236,424,89,1,141,124.3,32.7,6,0,21,55
10:06:50,33.0157394,-117.27408189,8.5,239,424.33,89.7,1,166.8,133.8,20,1.3,0,21,55
10:06:57,33.01525709,-117.27388306,7.57000017166138,241,424.67,90,1,165.5,131.8,27.3,3.3,0,21,55
10:07:02,33.01492329,-117.27370703,7.21000003814697,243,424.67,90,1,165.5,134.2,28.7,5,0,21,55
10:07:11,33.01436646,-117.2734698,5.53999996185303,246,425,90,1,181.2,147.2,23.3,3,0,21,55
10:07:18,33.01393243,-117.27322944,5.11999988555908,248,425.33,90,1,173.7,142,25.3,2.3,0,21,55
10:07:21,33.01378746,-117.27326229,4.5,249,425.67,90,1,167.3,141.7,30,2.3,0,21,55
10:07:24,33.01380304,-117.27326343,2.98000001907349,250,425.67,90,1,161.7,139.3,30.7,1.7,0,21,55
10:07:28,33.0138241,-117.27319308,1.30999994277954,251,426,90,1,153.5,136.8,32,1.3,0,21,55
10:07:32,33.01377901,-117.27295068,1.71000003814697,253,426,90,1,149.3,130.7,25.7,1.3,0,20,55
10:07:34,33.01377562,-117.27292995,0.330000013113022,254,426,90,1,152,131,23.3,1.7,0,20,55
10:07:38,33.01368242,-117.27291307,0.469999998807907,255,426.33,90,1,165.3,142,23.7,3,0,20,56
10:07:41,33.01358307,-117.2729406,1.72000002861023,256,426.67,90,1,175,150.3,26,3.7,0,20,56
10:07:47,33.01353001,-117.27305866,1.82000005245209,258,427,90,1,172.3,149.2,29,5,0,20,56
10:07:54,33.01343769,-117.27296066,1.57000005245209,260,427.33,90.1,1,146.8,124.3,22,2.7,0,20,56
10:08:00,33.01324822,-117.27302479,1.66999995708466,262,427.67,90.6,1,123.8,104.5,16,1,0,20,56
10:08:06,33.0132717,-117.27323183,2.53999996185303,264,428.33,91,1,112.3,96,17.3,1.7,0,20,56
10:08:12,33.01329073,-117.27356636,4.1100001335144,266,428.67,91.4,1,122.7,105,20.7,1,0,20,57
10:08:14,33.01331836,-117.27358906,4.07999992370606,267,429,91.7,1,132.8,113.8,22.7,0.3,0,20,57
10:08:23,33.01348177,-117.2739375,1.6599999666214,270,429.33,92,1,137.2,108.3,22,0,0,20,56
10:08:30,33.01341156,-117.27401685,0.370000004768372,272,429.67,92,1,130.5,100.3,17,0.7,0,20,56
10:08:36,33.01340117,-117.27414383,0.150000005960464,274,429.67,92.4,1,132.8,113.5,16.3,1.7,0,20,57
10:08:42,33.01339949,-117.27377489,0.430000007152557,276,430,92.9,1,148.8,131,24.5,3,0,20,57
10:08:49,33.01346401,-117.27387008,0,278,430.33,93.4,1,167.2,138.5,32,4.7,0,20,58
10:08:53,33.0134596,-117.27386023,0,280,431,94.8,1,159.8,129.5,22.8,4,0,20,58
10:08:57,33.01347827,-117.27390625,0.540000021457672,281,431.33,95.8,1,147.7,119.3,18.2,3.7,0,20,58
10:09:03,33.01338968,-117.27381197,0.209999993443489,283,432,98.4,1,129.7,103.2,15.3,3.7,0,20,59
10:09:09,33.01336282,-117.27382412,0,285,434.67,100.8,1,122.7,99.5,15.3,1.7,0,20,59
10:09:18,33.01346109,-117.27385875,0.400000005960465,288,436.33,103.8,1,140.8,117,20,0,0,20,59
10:09:25,33.01343394,-117.27408067,0.850000023841858,290,436.67,105.8,1,133.5,108.5,21,0,0,20,59
10:09:28,33.01338275,-117.27394044,0.400000005960465,291,437.67,106.6,1,123.2,98.8,19.7,0,0,20,59
10:09:31,33.01346,-117.27401215,0,292,439,107.4,1,119.8,96.2,19,0,0,20,59
10:09:34,33.01345835,-117.27400814,0.889999985694885,293,441,108.1,1,118.5,97.2,16.7,0.3,0,20,59
10:09:38,33.01345154,-117.27395306,0,295,442.67,109.4,1,123.2,102.5,16.3,1.3,0,20,59
10:09:42,33.01343987,-117.27393205,0.28999999165535,296,444.33,109.9,1,121.3,101.3,17.3,1.7,0,20,59
10:09:48,33.01339228,-117.27374467,0,298,445.33,110.3,1,112.8,93.5,19,1.3,0,20,59
10:09:51,33.01340987,-117.27403396,0,299,446.33,110.2,1,112.2,95.2,20.3,1.3,0,20,59
10:09:56,33.01339861,-117.27394661,0.550000011920929,301,447.33,109.1,1,114.5,100.8,19.3,1.7,0,20,59
10:09:59,33.01337231,-117.2737848,0.709999978542328,302,447.33,108.6,1,110.8,97.2,17.3,1.3,0,20,59
10:10:02,33.01338116,-117.27388309,0.340000003576279,303,447.67,108.2,1,104.3,89,14.3,1.3,0,20,59
10:10:05,33.01338675,-117.27388528,0.5,304,448,107.8,1,104.5,87.5,13.3,1.3,0,20,59
10:10:08,33.01339131,-117.27389975,1.17999994754791,305,448,107.6,1,114.3,93,13.3,1.7,0,20,59
10:10:11,33.01337846,-117.27389089,0.46000000834465,306,448,107.3,1,119.5,97.2,14,1.7,0,20,59
10:10:21,33.01337106,-117.27387447,0,309,446,106.5,1,125,102,9.3,0.3,0,20,58
10:10:27,33.01336997,-117.27387215,2.25,311,445.33,105.4,1,131.8,111.7,10.3,2,0,20,58
10:10:33,33.01335128,-117.2736086,2.97000002861023,313,443.67,104.2,1,134.2,112.8,12.3,5.3,0,20,58
10:10:38,33.01332318,-117.27342142,5.38000011444092,315,443,102.8,1,122.8,102.2,15.7,8,0,20,58
10:10:48,33.01363992,-117.27320845,3.36999988555908,318,442,101.2,1,148.3,121.7,25,6,0,20,58
10:10:53,33.01361376,-117.27294373,4.01000022888184,320,440.67,100.3,1,178.3,145.7,32,2.7,0,20,57
10:10:59,33.01355837,-117.27258321,6.09999990463257,322,440.33,99.4,1,178.8,153.5,35.5,0.7,0,20,57
10:11:05,33.01356454,-117.27209134,6.30999994277954,324,440.33,99,1,164,144.8,30.3,1,0,20,57
10:11:14,33.0133297,-117.27153788,6.01999998092651,327,440.67,99,1,184,151.5,45,5.7,2.5,20,57
10:11:21,33.01298172,-117.27104454,5.40999984741211,329,440.33,99,1,176,144,41.3,4.3,2.9,20,57
10:11:27,33.01256203,-117.27074925,6.23999977111816,331,440,99,1,157.8,131.8,30.7,2.7,3.2,20,57
10:11:33,33.01217973,-117.27049808,6.3600001335144,333,440,99,1,148.2,119.7,25.7,4,2.8,20,57
10:11:39,33.01184725,-117.27035754,6.48999977111816,335,440,99,1,149.7,114.8,20.3,4.7,2.6,20,57
10:11:43,33.01161211,-117.2703024,6.1399998664856,336,440,99,1,158.3,122.7,19,4,2.7,20,57
10:11:45,33.01146196,-117.27026024,6.51000022888184,337,440,99,1,169.7,135.8,18.3,3,2.8,20,57
10:11:50,33.01113018,-117.27011162,7.32000017166138,339,440,99,1,183.7,153.3,26.3,4.3,2.5,20,57
10:11:56,33.01082806,-117.26998062,6.48999977111816,341,439.67,99,1,158.7,134.8,35,7.3,0,20,57
10:12:06,33.01033185,-117.26958788,6.55999994277954,344,439,98.6,1,129.5,104.2,31.7,4.7,0,20,57
10:12:11,33.01013741,-117.26930991,6.71999979019165,346,439,98.1,1,132.2,104.5,22.3,1,0,20,57
10:12:14,33.0101554,-117.26919737,6.73000001907349,347,439,98,1,135.3,112.7,22,1.3,0,20,57
10:12:23,33.00979058,-117.26851919,6.73000001907349,350,439,98,1,130.7,113.7,23.7,4.7,0,20,57
10:12:29,33.00975453,-117.26810964,7.25,352,438.67,98,1,146.2,121.2,24,3,0,20,57
10:12:36,33.00972971,-117.26756182,6.76999998092651,354,438.33,98,1,173,145.7,29,1,0,20,57
10:12:41,33.00972367,-117.26710644,6.80000019073486,356,438.67,98,1,174,147,27.3,2.3,0,20,58
10:12:50,33.00981056,-117.26654802,5.57000017166138,359,439,98,1,153,125.7,26.3,2,0,20,57
10:13:00,33.01005117,-117.26588503,6.46000003814697,362,439.33,98,1,163.7,133,22,2.7,0,20,57
10:13:05,33.01015804,-117.26555894,6.69000005722046,364,439.67,98,1,196.5,159.3,30.8,4,0,20,57
10:13:12,33.0101982,-117.26522295,6.03999996185303,366,439.33,98,1,198.3,162.5,36.2,3.3,2.4,20,57
10:13:28,33.00974062,-117.26460857,2.16000008583069,371,440,98,1,178.7,152.7,39,7,2.8,20,57
10:13:38,33.01006961,-117.26476873,0,375,440.67,98,1,166.8,140,28,4.7,2.8,20,56
10:13:42,33.00997872,-117.26471218,0,376,440,98,1,164.5,138.2,28,4.7,2.7,20,56
10:13:45,33.00996166,-117.26467307,0,377,439,98,1,158,133.7,25.7,5.3,2.6,20,56
10:13:51,33.01000053,-117.26463056,0,379,438.67,97.9,1,143.7,123,20,5.3,0,20,57
10:13:57,33.01001205,-117.26463638,0,381,438.67,97.4,1,153,135,17.3,2.3,0,20,57
10:14:03,33.0100138,-117.26463336,0,383,438.67,97,1,156.5,140.5,18.7,0.3,0,20,57
10:14:07,33.01002031,-117.26462704,0,384,439,96.8,1,152.7,136,19,0.7,0,20,57
10:14:10,33.010035,-117.26462508,0,385,439.33,96.5,1,139.3,119.3,19.3,1.3,0,20,57
10:14:14,33.01003541,-117.26462593,0,387,439.67,95.9,1,155.8,127.8,25.7,2,0,20,57
10:14:17,33.01004472,-117.26457099,1.13999998569489,388,440,95.7,1,165.3,136.3,29,2,0,20,57
10:14:21,33.0099823,-117.26444631,3.59999990463257,389,440.33,95.4,1,176.5,147.8,32.7,2,0,19,57
10:14:33,33.00949928,-117.26407866,5.03000020980835,393,442,94.3,1,120.7,90.2,13.3,1.7,0,19,57
10:14:39,33.00943897,-117.26422809,3.05999994277954,395,442,94,1,116.5,87,14.3,0.7,0,19,57
10:14:42,33.00934352,-117.26418669,4.07999992370606,396,441.67,94,1,115,88.3,15.3,0.3,0,19,57
10:14:45,33.00922794,-117.26408863,4.30999994277954,397,441.33,94,1,104.7,86,16,0.7,0,19,57
10:14:54,33.00899989,-117.26373499,4.28999996185303,400,440.67,94,1,118.8,100.2,31,5,0,19,57
10:15:00,33.00884257,-117.26354853,5.1100001335144,402,440,94,1,158,134,39.7,6.3,0,19,57
10:15:06,33.00872599,-117.26333529,4.63000011444092,404,439,94,1,174.5,147.8,36.3,8,2.5,19,57
10:15:12,33.00852324,-117.2631401,4.34000015258789,406,438.67,94,1,177.3,151.3,34.7,10.3,2.6,19,58
10:15:18,33.00835875,-117.26294781,3.92000007629395,408,438,94.5,1,163,145,28.3,8.7,2.5,19,58
10:15:26,33.00807563,-117.2627263,4.23999977111816,411,437.33,96.1,1,112.5,103.8,23.3,6.7,0,19,59
10:15:36,33.00788547,-117.26241874,3.78999996185303,414,436.33,98.4,1,113,101.2,23.7,2,0,19,59
10:15:39,33.00780468,-117.26233948,3.63000011444092,415,436,99.1,1,108.8,94,22.3,1.3,0,19,60
10:15:47,33.00764073,-117.26216098,3.88000011444092,418,436,101.2,1,137.7,120,32,7.7,0,19,60
10:15:56,33.00747395,-117.2619048,3.33999991416931,421,435.33,103.3,1,137.8,117.3,21.7,8.3,0,19,60
10:16:08,33.00713229,-117.26158362,3.78999996185303,425,434,105.9,1,110.8,89.2,15.3,6.3,0,19,60
10:16:10,33.00708396,-117.26153396,3.66000008583069,425,434,105.9,1,110.8,89.2,15.3,6.3,0,19,60
10:16:13,33.00700858,-117.26146208,3.48000001907349,426,434,106.4,1,113.2,94.2,17.3,8,0,19,60
10:16:18,33.00690043,-117.26134156,3.23000001907349,428,434,107,1,121.3,110,23,9.3,0,19,60
10:16:27,33.00670657,-117.26111668,3.33999991416931,431,434,107.2,1,118.2,108.5,26.7,5,0,19,60
10:16:29,33.00665268,-117.26105913,3.3199999332428,432,434,107.4,1,117.3,107,26.7,4.7,0,19,60
10:16:37,33.00648477,-117.26086973,3.16000008583069,434,434,107.9,1,122.8,109.5,23.7,6.3,0,19,60
10:16:42,33.00639098,-117.26076321,2.97000002861023,436,434.33,108,1,127.7,114.2,25.3,5.7,0,19,60
10:16:48,33.00628852,-117.26063912,3.17000007629395,438,434.33,108,1,137,118.3,35,3.3,0,19,60
10:16:54,33.00617686,-117.26049986,3.07999992370605,440,434,107.6,1,136.8,114.5,32.7,5.3,0,19,60
10:17:00,33.00605732,-117.26035958,3.22000002861023,442,434,107.1,1,127,103.2,19,7,0,19,60
10:17:03,33.00599683,-117.26028318,3.09999990463257,443,433.67,107,1,122.2,95.8,13.3,5.7,0,19,60
10:17:12,33.00581877,-117.26006769,3.07999992370605,446,433,107.8,1,118.2,92,16.3,3.3,0,19,61
10:17:18,33.00570455,-117.25991409,2.77999997138977,448,433,108,1,132.7,106.7,20.7,3,0,19,61
10:17:24,33.0055854,-117.25977188,3.3199999332428,450,433,108,1,136,110.2,21.7,2.7,0,19,61
10:17:30,33.00544386,-117.25961787,3.24000000953674,452,433.33,107.8,1,128.7,103.3,17,1,0,19,61
10:17:36,33.00529939,-117.2594831,3.32999992370605,454,433.67,107.2,1,135.2,109.2,15.3,0.7,0,19,60
10:17:42,33.0051373,-117.25935881,3.22000002861023,456,434.67,107,1,140.2,116.2,19.3,2.3,0,19,60
10:17:49,33.00494515,-117.25922657,3.39000010490418,458,435.33,107,1,148.8,124.7,23.3,5.3,0,19,60
10:17:57,33.00471832,-117.2590699,3.28999996185303,461,436.67,107,1,186.2,143.3,31,7.3,0,19,60
10:18:02,33.00458968,-117.25898609,3.00999999046326,463,437,107,1,168,131.2,28.7,6.7,2.2,19,60
10:18:12,33.00433506,-117.25881376,3.29999995231628,466,437.67,107,1,132.8,106.8,23.7,4,2.3,19,60
10:18:18,33.00416401,-117.25868831,3.25999999046326,468,438.67,107,1,115.2,89.8,17.7,1.3,0,19,60
10:18:27,33.00389737,-117.2585424,3.64000010490418,471,440,107,1,106.7,92.3,13.7,0.3,0,19,59
10:18:30,33.0037824,-117.25850823,3.04999995231628,472,440.67,107,1,105.8,93.2,13.3,0.7,0,19,59
10:18:39,33.00354826,-117.25841589,2.73000001907349,475,441.67,107,1,98.3,88.3,10.7,3,0,19,59
10:18:44,33.00343056,-117.25837608,2.95000004768372,477,442.33,107,1,114,100.7,16,1.3,0,19,59
10:18:55,33.00313491,-117.25828768,3.0699999332428,480,444.33,107.8,1,117.7,100.7,22,1.3,0,19,59
10:19:00,33.00298994,-117.25825123,3.04999995231628,482,446.33,108.8,1,103.2,89.5,20.3,1.3,0,19,59
10:19:06,33.00282319,-117.25822252,3.05999994277954,484,451.67,110.3,1,99.5,82.8,17,0.7,0,19,59
10:19:13,33.00263008,-117.25820608,3.07999992370605,486,454.33,111.8,1,112,89,13.3,2,0,19,59
10:19:18,33.00249098,-117.25815885,3.19000005722046,488,460.33,112.8,1,119.8,99.5,19,4.3,0,19,59
10:19:27,33.00223757,-117.25810263,2.96000003814697,491,467,112.3,1,123.7,104,23.7,1.7,0,19,59
10:19:33,33.0020739,-117.25808587,3.52999997138977,493,477.33,111.6,1,124.2,100.2,29.7,3.7,0,19,59
10:19:39,33.00188015,-117.2580433,3.59999990463257,495,484.33,110.9,1,121.7,96.3,38,9.7,0,19,59
10:19:42,33.00178029,-117.25802156,3.80999994277954,496,491,110.6,1,118.5,92.8,35.7,11,0,19,59
10:19:45,33.0016761,-117.25801099,3.50999999046326,497,496.67,110.3,1,118,93.7,34,12.3,0,19,59
10:19:48,33.00157702,-117.25801265,3.70000004768372,498,496.67,110.1,1,123.3,99.3,32.7,11.7,0,19,59
10:19:53,33.00141187,-117.25799349,3.76999998092651,500,505,110,1,160.7,136,35.7,5.7,0,19,59
10:20:03,33.00107623,-117.2579384,3.96000003814697,503,509.33,110.1,1,140.2,117.3,32.7,1.7,0,19,59
10:20:09,33.00085484,-117.25787931,3.92000007629395,505,511.67,110.6,1,124.7,105.5,26,0.7,0,19,59
10:20:15,33.00062416,-117.25783309,3.96000003814697,507,511.67,111.5,1,131.8,111,25,0.7,0,19,59
10:20:21,33.00038726,-117.25779471,4.1100001335144,509,510.33,113.1,1,118.8,96.5,22.7,1.7,0,19,59
10:20:31,32.99990011,-117.25773894,5.36999988555908,512,509.67,116,1,143.5,118.2,18.3,1,0,19,60
10:20:36,32.99966232,-117.25768921,5.88000011444092,514,508,118.9,1,163.2,140.5,18.7,1.7,0,19,60
10:20:43,32.99930089,-117.25768902,5.55999994277954,516,507,121.8,1,154,132.5,18.3,3.3,0,19,60
10:20:45,32.99921652,-117.25765615,5.51000022888184,517,505.67,122,1,150.7,126.8,18,3.7,0,19,60
10:20:49,32.99901618,-117.25761245,5.59999990463257,518,504.33,121.3,1,144.8,119,18.3,3.7,0,19,60
10:21:01,32.99839252,-117.25755375,5.15999984741211,522,500,116.4,1,109.5,93,16,0,0,19,59
10:21:06,32.99822346,-117.25757378,2.47000002861023,524,498.33,115.2,1,111.7,92.3,11.3,0,0,19,59
10:21:12,32.99819513,-117.25760583,0,526,494,113.7,1,117.2,98.2,15.7,0.3,0,19,59
10:21:18,32.99825011,-117.25762699,0.280000001192093,528,491.33,110,1,129.5,110.8,27,2,0,19,59
10:21:26,32.99830356,-117.25753041,0,531,487,101.4,1,105.8,87.5,19.3,3.3,2.3,19,59
10:21:30,32.99827409,-117.25756863,0,532,485,98.7,1,100.8,81.5,17,2.7,2.3,19,59
10:21:34,32.99827286,-117.2575556,0,533,482.67,96.1,1,103.7,85,16.3,2.3,2.3,19,59
10:21:38,32.99827194,-117.25757583,0,535,480.33,91.8,1,107.7,89.7,12,1,0,19,59
10:21:41,32.99825718,-117.25756478,0,536,478,89.8,1,107.3,91.7,9.3,1.3,0,19,59
10:21:44,32.99825199,-117.25756169,0,537,476,88.1,1,106.5,91.2,9.7,1.7,0,19,59
10:21:47,32.99825111,-117.25756104,0,538,474,86.9,1,107.7,96.3,14.7,3,0,19,59
10:21:50,32.99825111,-117.25756152,0,539,474,86.2,1,108.7,99,16,3.3,0,19,59
10:21:53,32.99824853,-117.25755772,0,540,472,86.3,1,108.7,100.3,17,2.7,0,19,59
10:21:56,32.99824847,-117.25755739,0,541,470,86.8,1,106.8,98.2,16.7,2,0,19,59
10:21:59,32.99824843,-117.25755736,0,542,468,87.6,1,100.8,89.2,13.3,0.7,0,19,59
10:22:02,32.99824863,-117.25755849,0,543,468,88.5,1,97.2,83.5,12,0.3,0,19,59
10:22:05,32.99824864,-117.25755851,0,544,466,89.2,1,93.8,78.2,11,0,0,19,59
10:22:08,32.99824934,-117.25755906,0,544,466,89.2,1,93.8,78.2,11,0,0,19,59
10:22:11,32.99824937,-117.25755912,0,544,466,89.2,1,93.8,78.2,11,0,0,19,59
10:22:14,32.99824968,-117.25755955,0,544,466,89.2,1,93.8,78.2,11,0,0,19,59
10:22:17,32.99824972,-117.25755969,0,544,466,89.2,1,93.8,78.2,11,0,0,19,59
10:22:20,32.99824981,-117.25755992,0,544,466,89.2,1,93.8,78.2,11,0,0,19,59
10:22:30,32.99824318,-117.25755772,0,544,466,89.2,1,93.8,78.2,11,0,0,19,59
10:22:33,32.99824284,-117.25756358,0,544,466,89.2,1,93.8,78.2,11,0,0,19,59
10:22:36,32.99823924,-117.25755175,0,544,466,89.2,1,93.8,78.2,11,0,0,19,59
10:22:39,32.99823874,-117.2575516,0,544,466,89.2,1,93.8,78.2,11,0,0,19,59
10:22:42,32.99823429,-117.25754442,0,544,466,89.2,1,93.8,78.2,11,0,0,19,59
10:22:45,32.99823443,-117.25754443,0,544,466,89.2,1,93.8,78.2,11,0,0,19,59
10:22:48,32.99823396,-117.25754372,0,544,466,89.2,1,93.8,78.2,11,0,0,19,59
10:22:51,32.99823366,-117.25754338,0,549,449.33,92,1,98.7,85.3,10.3,1.3,0,20,58
10:22:54,32.99823358,-117.25754433,0,550,448.33,92.2,1,86.5,74.2,11.3,1.3,0,20,58
10:22:57,32.99823153,-117.2575431,0,551,447.33,92.4,1,80.7,68.7,12.3,1.7,0,20,58
10:23:00,32.9982269,-117.2575377,0,552,446,92.7,1,77.3,65,12.3,1.3,0,20,58
10:23:03,32.99822829,-117.25753923,0,553,446,93.1,1,78.8,65.5,12.3,1,0,20,58
10:23:09,32.9983116,-117.2578621,0.560000002384186,555,444,93.7,1,89.3,74.3,13.7,0.7,0,20,58
10:23:18,32.99823541,-117.257547,0,558,442,95.5,1,88.8,75.2,12.7,3,0,20,58
10:23:24,32.99823364,-117.25755422,0,560,440.33,98,1,81,64.5,9.3,2,0,20,58
10:23:34,32.99810172,-117.25762855,7.30000019073486,563,438.33,100.8,1,119.5,93.7,18.7,1.3,0,20,58
10:23:39,32.99767631,-117.2578749,7.32000017166138,565,438,101,1,127.5,102,19.3,1.7,0,20,58
10:23:45,32.99718688,-117.25835309,8.89999961853027,567,436.67,101,1,121.2,102.5,23.3,3,0,20,57
10:23:52,32.99670514,-117.25879136,7.98999977111816,569,435.67,100.7,1,119,104.3,33.7,8,0,20,57
10:23:57,32.99642662,-117.2590102,5.17999982833862,571,435.33,99.8,1,120.5,105.2,31.7,9,0,20,56
10:24:06,32.99623893,-117.25928857,3.26999998092651,574,435,95.1,1,111.8,91.5,18.3,2.7,0,21,55
10:24:09,32.99622491,-117.25936265,3.74000000953674,575,434.67,92.8,1,106.2,86.8,17.7,3.3,0,21,55
10:24:15,32.99629993,-117.25958041,3.50999999046326,577,434.33,88.6,1,103.2,88.8,20,7,0,21,55
10:24:23,32.99625417,-117.25994016,4.32999992370606,580,433.33,82.8,1,123.2,101,25.3,5.3,0,21,54
10:24:25,32.99626758,-117.26004945,4.28000020980835,580,433.33,82.8,1,123.2,101,25.3,5.3,0,21,54
10:24:36,32.99634612,-117.26061135,4.30999994277954,584,431.67,77.6,1,105,82.7,14.3,3.7,0,21,54
10:24:39,32.99635766,-117.26076091,4.92000007629395,585,431.67,76.9,1,100.5,79,12.7,3,0,21,54
10:24:45,32.99637137,-117.2610919,4.78999996185303,587,431,76.2,1,89,71.7,11.3,1,0,21,54
10:24:52,32.99639664,-117.26146953,4.55000019073486,589,431,76,1,94.3,80.3,13.3,0,0,21,53
10:24:57,32.99641179,-117.26171373,4.07000017166138,591,431,76,1,110.7,94,15.7,1.3,0,21,53
10:25:03,32.99641069,-117.26197816,4.01000022888184,593,431,76,1,102.3,83.3,14.3,3.3,0,21,53
10:25:09,32.99638556,-117.26223591,3.74000000953674,595,430.67,76.2,1,100.3,78.7,14.3,4.7,0,21,53
10:25:15,32.99634105,-117.26247079,3.30999994277954,597,430.33,76.7,1,125.3,100.2,24,6,0,21,53
10:25:18,32.99630063,-117.26258512,3.88000011444092,598,430,76.9,1,132.2,107.7,28,5.3,0,21,53
10:25:21,32.99625628,-117.26271594,3.53999996185303,599,430.33,76.8,1,131.2,107.2,27.7,4.7,0,21,53
10:25:24,32.99620713,-117.26282719,3.5699999332428,600,430.67,76.5,1,116.7,95.5,21,2.3,0,21,52
10:25:27,32.99615077,-117.26293517,3.85999989509583,601,430.67,76,1,102.8,85.2,16.7,1.3,0,21,52
10:25:35,32.99605802,-117.26326229,3.89000010490418,604,435,75.6,1,101.5,95.8,16,1,0,21,52
10:25:39,32.99603156,-117.26344444,3.75999999046326,605,435,75.8,1,109.8,103.8,22,2.3,0,21,52
10:25:43,32.99598873,-117.26360857,3.80999994277954,606,437,75.8,1,117.8,105.8,31.7,5.3,0,21,52
10:25:47,32.99593999,-117.26376509,3.58999991416931,608,440.67,74.5,1,127.3,107,38.7,10.7,0,21,52
10:25:55,32.99582054,-117.26403329,3.5699999332428,610,442,71.9,1,112.3,94,30.3,10.7,0,21,51
10:26:04,32.99567357,-117.26437467,3.80999994277954,613,444.33,68.9,1,82,69.7,17.3,3.7,0,21,51
10:26:09,32.99562218,-117.26458849,3.64000010490418,615,445,70,1,93.7,84,14.3,2,0,21,51
10:26:16,32.99555318,-117.26485244,3.80999994277954,617,445,72.9,1,101.7,91.7,14,4.7,0,21,51
10:26:24,32.99545685,-117.2651679,3.5,620,446.67,76.9,1,87.7,69.7,10.7,2.7,0,21,51
10:26:30,32.99538955,-117.26541537,3.79999995231628,622,447,77.9,1,82.7,60,10.3,1.7,0,21,51
10:26:33,32.99536289,-117.26557261,3.78999996185303,623,447,78,1,86.7,62,11,1.7,0,21,51
10:26:37,32.99531652,-117.26575601,4.07999992370606,624,447,77.9,1,96.3,69.7,12,1,0,21,51
10:26:42,32.99524638,-117.26598473,4.26000022888184,626,447,77.5,1,93.3,71,11,1,0,21,50
10:26:49,32.99515533,-117.26632601,4.75,628,446.33,77.6,1,86.7,69.3,9.3,2,0,21,50
10:26:57,32.99496412,-117.26672614,5.26999998092651,631,445,78.5,1,113.8,94.2,15.3,3,0,21,50
10:27:01,32.99485292,-117.26693039,5.51000022888184,632,444,78.8,1,125.2,106.5,17.7,4,0,21,50
10:27:06,32.99461874,-117.26717081,7.55000019073486,634,443.33,79,1,112.7,98,16,4,0,21,50
10:27:12,32.99421623,-117.26751176,10.1899995803833,636,442.33,78.9,1,109.2,91.5,20.7,2,0,21,50
10:27:21,32.99339913,-117.26810363,11.9200000762939,639,441.33,78.2,1,117.2,98.2,29,4,0,21,50
10:27:23,32.99322885,-117.26825681,12.1999998092651,640,440.67,77.8,1,113.2,95.5,28,5.3,0,21,50
10:27:30,32.99275607,-117.26887794,9.53999996185303,642,439.67,76.5,1,99.8,82.2,20.3,4.7,0,21,50
10:27:36,32.99247448,-117.26924657,8.31999969482422,644,439,74.1,1,96.2,76.5,16.7,1.3,0,21,50
10:27:42,32.99233683,-117.26980566,9.40999984741211,646,438.67,71.6,1,101,77.7,17,0.3,0,21,50
10:27:53,32.99232831,-117.27057385,5.55999994277954,650,437,69.6,1,91.7,76.7,11,1.3,0,21,51
10:27:55,32.99246594,-117.27064891,5.5,650,437,69.6,1,91.7,76.7,11,1.3,0,21,51
10:28:03,32.99294344,-117.270847,5.28000020980835,653,437.67,72.7,1,107.7,92.7,18.7,0.7,0,21,52
10:28:12,32.9933302,-117.27093934,4.8600001335144,656,437.67,75.9,1,120.3,112,21.3,1.7,0,21,52
10:28:18,32.99358269,-117.27102157,4.57000017166138,658,437.33,76.9,1,107.3,98.3,14.7,0.7,0,21,52
10:28:21,32.99370992,-117.27103429,4.46999979019165,659,437,77.3,1,105.2,95.5,13.3,0.3,0,21,52
10:28:27,32.99395356,-117.27109428,4.6100001335144,661,436.67,77.8,1,99.8,91.5,14,2,0,21,52
10:28:33,32.99422037,-117.27118745,3.03999996185303,663,435.33,78,1,85.8,81.2,15.3,4.3,0,21,52
10:28:42,32.99456105,-117.27124161,4.3600001335144,666,434.33,78.6,1,111.2,99.8,14.7,1.7,0,21,52
10:28:44,32.99463558,-117.27126609,4.26999998092651,667,434,79.2,1,116,102.3,16.3,1.7,0,21,52
10:28:51,32.99489919,-117.27133186,4.01000022888184,669,434,81.9,1,114.8,96.2,18.7,1.7,0,21,52
10:28:57,32.99512523,-117.27138124,4.11999988555908,671,433.67,88.4,1,103,85,18.3,1.3,0,21,52
10:29:00,32.99525142,-117.27140749,4.36999988555908,672,433.33,92.4,1,101,83.7,23,2.7,0,21,51
10:29:06,32.99551009,-117.27147633,4.34999990463257,674,433,99.6,1,102,82.8,26.7,4.7,0,21,51
10:29:14,32.99579449,-117.27166204,5.15000009536743,677,433,109.1,1,115.3,93.8,18.3,2,2.8,21,51
10:29:18,32.99595455,-117.27175927,5.21000003814697,678,432.67,113,1,131.7,107.5,18,1.3,2.8,21,52
10:29:24,32.99625235,-117.27185534,5.48000001907349,680,432,121.4,1,127.3,106.8,20.7,2.3,2.8,21,52
10:29:30,32.99652926,-117.27197356,4.92999982833862,682,432,128.2,1,95.3,82,18.3,2.7,0,21,51
10:29:36,32.99676792,-117.27211402,4.92999982833862,684,431.67,133,1,80,64,17,3.3,0,21,51
10:29:44,32.99674952,-117.27247735,3.39000010490418,687,430.33,136.9,1,78.7,61.3,11.3,3.3,0,21,51
10:29:48,32.99670798,-117.27263633,2.44000005722046,688,429.67,137.6,1,81.7,66.7,9,3.3,0,21,51
10:29:51,32.99667232,-117.27267303,2.44000005722046,689,429.67,138.3,1,89.7,74,10,3.3,0,21,51
10:29:57,32.99661746,-117.27280981,2.65000009536743,691,428.67,141.4,1,107.7,86.3,14.3,3.3,0,21,51
10:30:03,32.99669397,-117.27305896,2.39000010490418,693,428.33,145.6,1,115.2,93.2,17,2.3,0,21,51
10:30:15,32.99693503,-117.27314633,3.47000002861023,697,428,152.6,1,99.5,85.5,16,1.3,0,21,51
10:30:17,32.99699232,-117.27318356,3.26999998092651,698,428,154.3,1,102.2,88.5,14.3,0.7,0,21,51
10:30:24,32.99718204,-117.27330463,3.20000004768372,700,428.33,157.2,1,108.8,94,16.3,0.7,0,21,51
10:30:31,32.99737336,-117.27345708,3.59999990463257,702,428.33,160.1,1,107,88.3,21.7,2,0,21,50
10:30:36,32.99754819,-117.27355621,3.98000001907349,704,428,163.3,1,117.5,97.8,21.7,2.3,0,21,50
10:30:45,32.99789262,-117.27370502,4.03999996185303,707,427.67,168.3,1,139.3,114.2,18,2.3,0,21,50
10:30:48,32.998032,-117.27378346,3.64000010490418,708,427.33,170.5,1,149.2,118.8,20.7,2,0,21,50
10:30:51,32.99814358,-117.27385096,3.0699999332428,709,427.33,172.9,1,154.7,125.8,23.7,1.7,0,21,50
10:30:54,32.99822492,-117.27390478,2.0699999332428,710,427.33,175.2,1,156.3,135.2,30.3,1.7,0,21,50
10:30:57,32.99829087,-117.27393759,2.91000008583069,711,427.67,177.1,1,153.2,136.3,33,1.7,0,21,50
10:31:07,32.99870864,-117.2741338,5.36999988555908,714,427.33,181.6,1,139.5,121.8,28.3,2.3,0,21,50
10:31:12,32.99896464,-117.27426717,4.63000011444092,716,427.33,188.7,1,145.3,125.3,18,3.3,0,21,50
10:31:18,32.99928495,-117.2745,5.30000019073486,718,427.67,200.1,1,136.5,121.8,13,3.7,0,21,50
10:31:21,32.99935159,-117.27450381,5.09000015258789,719,428,205.6,1,127.3,114.3,13.3,4.3,0,22,50
10:31:28,32.99963875,-117.27469374,5.6399998664856,721,428.67,212.2,1,109.8,98.8,20.7,6.3,0,22,50
10:31:33,32.99985266,-117.27487062,5.84000015258789,723,429.67,212.7,1,100.7,88.3,21.7,4.7,0,22,50
10:31:39,33.00009972,-117.27513476,6.17000007629395,725,430,212.2,1,95.3,83.3,19,4.3,0,22,50
10:31:42,33.00028322,-117.27524734,6.42999982833862,726,430,212.4,1,101,90,20.7,5.3,0,22,51
10:31:45,33.00040566,-117.27535961,6.78000020980835,727,429.67,212.7,1,104.2,93.2,21.3,5,0,22,51
10:31:51,33.0007025,-117.27563721,6.8899998664856,729,429.33,212.3,1,119,104,23,3.7,0,22,51
10:31:54,33.00085507,-117.2757791,7.34999990463257,730,429,212.1,1,119,102.3,24.7,3.3,0,22,51
10:32:00,33.00113889,-117.27605481,6.67999982833862,732,429,212.6,1,117.3,101.3,28.3,5,0,22,51
10:32:11,33.00177548,-117.27658636,7.96999979019165,736,429,215.8,1,111.5,99.2,26,5.3,0,22,51
10:32:13,33.00190307,-117.27666145,7.90000009536743,736,429,215.8,1,111.5,99.2,26,5.3,0,22,51
10:32:18,33.00222139,-117.27691724,8.27000045776367,738,428.67,216,1,129.7,107.8,23.7,5.3,0,22,51
10:32:28,33.00283982,-117.27727674,7.51000022888184,741,428,216.8,1,126,101.7,21,4,0,22,51
10:32:33,33.00321944,-117.27745236,7.30999994277954,743,428,218.4,1,130.7,106.3,23.7,2,0,22,51
10:32:42,33.00369637,-117.2776585,5.65999984741211,746,428,220.2,1,144.8,125.5,33.3,0.7,0,22,52
10:32:48,33.00402355,-117.27776727,5.86999988555908,748,428,220.8,1,151.3,139.7,39.8,3.3,0,22,52
10:32:54,33.00432993,-117.27785588,5.51000022888184,750,428,222,1,157.8,147.2,41.3,5.7,0,22,52
10:33:03,33.00478348,-117.27798282,5.38000011444092,753,427.67,225.5,1,170.3,151.3,39.7,6,2.9,22,52
10:33:12,33.0052258,-117.27804674,5.28999996185303,756,427,232.5,1,167.7,136.8,32.3,5.3,2.9,22,52
10:33:19,33.00559923,-117.27807685,5.38000011444092,758,427,238.2,1,201,162.3,39.3,6,2.9,22,52
10:33:27,33.00596083,-117.2781337,5,761,427,245.4,1,214.7,179.5,52.3,4,3.1,22,52
10:33:30,33.00609765,-117.27815905,5.03000020980835,762,427,247.5,1,185.5,156.8,43.3,2.7,2.9,22,52
10:33:41,33.00661476,-117.27825171,4.84000015258789,766,427.33,255.2,1,145.3,130.3,31.7,11,0,22,52
10:33:48,33.00686408,-117.27825699,4.76000022888184,768,427.33,257.7,1,163.7,145.3,46.7,10.3,0,22,53
10:33:57,33.00727748,-117.27833305,4.82999992370606,771,427,261.4,1,163.2,144.8,50.7,5,0,22,53
10:34:04,33.00758935,-117.2783653,4.8899998664856,773,427.33,265.1,1,152.3,137,44,4.7,0,22,53
10:34:12,33.00793166,-117.27844518,4.61999988555908,776,428,270.7,1,160,137,29.7,9.7,0,22,53
10:34:18,33.0081997,-117.27848798,5.1399998664856,778,428.33,273.8,1,155.3,128.7,32.7,11,0,22,53
10:34:24,33.00853727,-117.27860111,5.65999984741211,780,429,276.8,1,162.3,138.3,34.7,8,0,22,53
10:34:34,33.00895356,-117.27869788,5.46000003814697,783,429,281.1,1,152.3,131.3,22.7,2.3,0,22,53
10:34:39,33.00912165,-117.27866839,4.90999984741211,785,429,283.3,1,136.7,111,16.7,0.7,0,22,53
10:34:42,33.00926475,-117.27871082,4.96999979019165,786,429,283.8,1,136.8,107.2,19.3,1.7,0,22,53
10:34:51,33.00974684,-117.27886974,5.34000015258789,789,428.33,283.1,1,147.3,115.3,33,6.7,0,22,53
10:35:00,33.01014487,-117.27895715,5.46000003814697,792,428,283.2,1,145.7,116.3,29,3.3,0,22,53
10:35:02,33.0102392,-117.27900181,5.32999992370606,793,428,283.6,1,148.2,120,27,2,0,22,53
10:35:09,33.01059508,-117.27909118,5.53000020980835,795,427.67,285.2,1,157.3,133.8,28.7,1,0,22,53
10:35:12,33.01075697,-117.27912128,5.61999988555908,796,427.33,286.2,1,172.7,150.7,34,2.3,0,22,53
10:35:15,33.0108873,-117.27913078,5.46000003814697,797,427.33,287.6,1,179.3,155.8,38,3.7,0,22,53
10:35:24,33.01135017,-117.27924342,5.26000022888184,800,427,293.3,1,192,163.8,40,7.7,0,22,53
10:35:31,33.01170188,-117.2792853,5.51000022888184,802,427,296.2,1,183.7,162.7,27.3,4.3,2.8,22,53
10:35:36,33.01195101,-117.27932875,5.42000007629395,804,427,297.5,1,196.5,172.2,32.3,4.3,3,22,53
10:35:43,33.01227846,-117.27943235,5.09999990463257,806,426.67,306.2,1,176.5,149.2,34.3,4.3,2.9,22,53
10:35:48,33.01251249,-117.27947081,5.19999980926514,808,426.33,330.9,1,130.5,110.3,24.3,4.3,2.7,22,53
10:35:57,33.01298048,-117.27957678,4.30999994277954,811,426.67,361.9,1,139.8,117.3,26.7,7,0,22,53
10:36:03,33.01320549,-117.2796777,4.25,813,427,363.6,1,161.5,131,28.3,5.3,0,22,52
10:36:12,33.0135988,-117.27980724,4.59000015258789,816,426.67,354.6,1,170.3,149.3,36.3,2.7,0,23,52
10:36:19,33.01391837,-117.27989699,4.84000015258789,818,427,347.7,1,193.5,166,38,3.3,0,23,52
10:36:24,33.01394568,-117.27986843,1.02999997138977,820,427,341.8,1,187.3,151.8,32,5,0,23,52
10:36:28,33.01398738,-117.27986128,0,821,427,338.7,1,180.2,144.5,30.3,5.7,0,23,53
10:36:31,33.01399388,-117.2798732,0,822,427,335.5,1,157.3,128.5,27.3,7.7,0,23,53
10:36:34,33.01398841,-117.27987701,0,823,427,332.2,1,148.8,122.7,27,8,0,23,53
10:36:37,33.01398431,-117.27987324,0,824,427,328.9,1,127.7,106.2,25.7,7.3,0,23,53
10:36:45,33.01397074,-117.27996584,0.649999976158142,827,427.33,323.8,1,122.3,103.7,27,3,0,23,53
10:36:49,33.01398181,-117.27987131,0,828,427.67,324.1,1,125.3,109.3,29.3,2.3,0,23,53
10:36:57,33.01391733,-117.27989213,2.91000008583069,831,427.67,329.7,1,122.7,109.2,26.7,4.3,0,23,53
10:37:02,33.01397426,-117.27992494,1.87999999523163,833,427.33,333.3,1,143.8,124.5,24.3,3.7,0,23,53
10:37:09,33.01402144,-117.28031657,3.78999996185303,835,427,334.1,1,150.7,129.5,30,2.7,0,23,53
10:37:12,33.01408971,-117.28040191,3.83999991416931,836,427,333.3,1,159.8,138.3,35.3,4,0,23,53
10:37:19,33.01430023,-117.28053171,3.60999989509583,838,427.33,329.8,1,176.8,153.2,44.7,8,2.7,23,53
10:37:27,33.01454713,-117.28061752,2.90000009536743,841,428,320.8,1,195.7,161.7,54.3,7,3,23,53
10:37:34,33.0147426,-117.28069022,4.15000009536743,843,428,314.7,1,201.8,167.2,46,3.7,2.9,23,53
10:37:42,33.01504386,-117.28083782,2.57999992370605,846,428,309.8,1,177,154.3,30,5,0,23,53
10:37:48,33.01531643,-117.28100913,3.55999994277954,848,428,308.6,1,156.2,137.3,31,4.3,0,23,53
10:37:59,33.01569604,-117.28105745,3.10999989509583,852,427.67,307,1,115.7,101.7,24.7,7,2.7,23,53
10:38:06,33.01576656,-117.28122856,2.70000004768372,854,426.67,306.3,1,123.5,109.2,31.3,5.3,2.7,23,53
10:38:15,33.01558908,-117.28116371,2.16000008583069,857,424.67,305.1,1,132.2,118.8,30,3.7,0,23,54
10:38:24,33.01558317,-117.2810085,1.78999996185303,860,425,304.2,1,112,97,16.7,1.7,0,23,54
10:38:30,33.01579665,-117.28117053,2.32999992370605,862,425,301.8,1,126,113,13.7,1,0,23,54
10:38:42,33.0155414,-117.28122473,2.29999995231628,866,425,292.9,1,128.5,108.8,21,3.7,0,23,53
10:38:44,33.0155209,-117.28117426,2.58999991416931,867,425,290.8,1,129,109.3,21.3,4.7,0,23,53
10:38:47,33.01550408,-117.28109348,2.05999994277954,868,425,288.9,1,134.7,115.7,20.7,4.7,0,23,53
10:38:50,33.01550331,-117.28102934,1.79999995231628,869,425,287.1,1,141.2,121.5,21,4,0,23,53
10:38:57,33.01564101,-117.28096081,0.72000002861023,871,425,283.3,1,152,127.3,22.7,2,0,23,53
10:39:08,33.0157568,-117.28084285,1.88999998569489,875,425,273.2,1,113.5,82,18.7,2.7,0,23,53
10:39:10,33.01579927,-117.280878,1.69000005722046,875,425,273.2,1,113.5,82,18.7,2.7,0,23,53
10:39:15,33.01588519,-117.2809264,2.58999991416931,877,425.33,270.1,1,134.7,108.5,19,2.7,0,23,53
10:39:21,33.01612481,-117.28111949,1.66999995708466,879,426.33,268.7,1,150.2,129.2,19.7,2,0,23,53
10:39:28,33.01620467,-117.28110455,3.80999994277954,881,426.67,267.9,1,152.2,126.5,25,3,0,23,53
10:39:30,33.01628699,-117.28115512,3.50999999046326,882,427,267.5,1,143.2,115.8,25.7,2.7,0,23,53
10:39:33,33.01637873,-117.28121119,3.86999988555908,883,427,267,1,138.5,112.7,24.7,2,0,23,53
10:39:36,33.01647351,-117.28125731,3.65000009536743,884,427,266.5,1,127.3,104.7,21,0.7,0,23,53
10:39:44,33.01661439,-117.28135074,0.259999990463257,887,426.67,265.9,1,148,118.7,22,2,0,23,53
10:39:48,33.01657882,-117.2813369,0,888,426,265.9,1,160.7,127.3,29,3.3,0,23,53
10:39:58,33.01653054,-117.2813536,0.769999980926514,891,425,265.7,1,152.7,123.2,33.3,1.3,2.8,23,53
10:40:03,33.01650327,-117.28140878,0.860000014305115,893,425,265.2,1,154.7,128,27.7,1.3,2.9,23,53
10:40:12,33.01656762,-117.28166682,2.02999997138977,896,424.33,265.2,1,148.7,126.7,22.3,4,2.8,23,53
10:40:21,33.01654982,-117.28161049,2.83999991416931,899,424.33,266,1,158.7,139,19.7,3,0,23,53
10:40:23,33.01662611,-117.28166082,2.85999989509583,900,424.67,266,1,146.8,124.8,16.3,2.3,0,23,53
10:40:30,33.01679241,-117.28181398,3.36999988555908,902,424.67,267.8,1,120.5,98.8,15.7,1,0,23,53
10:40:33,33.01691055,-117.28185251,3.59999990463257,903,425,269.9,1,112,92,15.7,1,0,23,53
10:40:39,33.01723702,-117.28203223,3.0699999332428,905,425,276.2,1,132.5,114.3,22,3,0,23,53
10:40:50,33.01750642,-117.28201511,3.64000010490418,909,425.33,289.2,1,436.8,354,52,7,3.7,23,53
10:40:52,33.01757918,-117.28207195,3,909,425.33,289.2,1,436.8,354,52,7,3.7,23,53
10:41:00,33.0177913,-117.28219121,3.24000000953674,912,425,300,1,384.2,314,55.3,8,5.3,23,53
10:41:07,33.01799385,-117.28232186,3.21000003814697,914,425,304.8,1,262.2,223.3,34.3,3,4.5,23,53
10:41:12,33.01816047,-117.28236826,3.45000004768372,916,424.33,308.2,1,181.3,162.7,30.3,4,3.5,23,54
10:41:18,33.01839439,-117.2825397,2.13000011444092,918,424,310.8,1,147.5,135.2,32.7,7.7,3,23,54
10:41:30,33.01861418,-117.28267461,3.17000007629395,922,424,312.1,1,144,115.5,26.3,2,2.8,23,54
10:41:32,33.01866708,-117.28270599,2.73000001907349,923,424,311.1,1,150,120.3,27.7,2.3,2.8,23,54
10:41:37,33.0187858,-117.2827674,3.03999996185303,924,424,309.7,1,172.8,141.5,35,4,2.9,23,53
10:41:45,33.01900778,-117.28284665,2.91000008583069,927,423.67,307.8,1,220.7,194.8,48.7,4.7,2.9,23,53
10:41:48,33.01909762,-117.28286386,2.80999994277954,928,423.33,309.1,1,234,208.7,46,3.7,3,23,54
10:41:54,33.01929633,-117.28304534,1.49000000953674,930,423,314.2,1,248.8,214,40.3,2.7,3.4,23,54
10:41:58,33.01935106,-117.28297207,2.5699999332428,931,423.33,317.1,1,260.5,218,40.3,2,3.4,23,54
10:42:01,33.0194329,-117.28301655,2.72000002861023,932,423.33,319.8,1,270.2,220.8,38.3,1,3.4,23,54
10:42:04,33.01951304,-117.28306604,2.36999988555908,933,423.33,322.1,1,274,223.7,36.7,1,3.4,23,54
10:42:12,33.01968071,-117.28317115,1.91999995708466,936,424,328,1,215,183.7,26.3,2,3.3,23,54
10:42:15,33.01973968,-117.28323944,3,937,424,329.3,1,203.5,172.7,25.3,1.7,3.3,23,54
10:42:19,33.01982459,-117.28335867,3.11999988555908,938,424,329.7,1,200,165.5,25.3,2,3.2,23,54
10:42:27,33.01999335,-117.28358401,3.28999996185303,941,424.33,326.6,1,233.2,192.7,38.3,4,3.4,24,54
10:42:36,33.02031002,-117.28364416,2.63000011444092,944,426,325.3,1,251.7,211.7,47.7,5,3.6,24,53
10:42:40,33.0203755,-117.28376188,1.6599999666214,945,426,327.2,1,273.5,231.2,49.3,4.7,3.7,24,53
10:42:48,33.02071663,-117.28377502,3.50999999046326,948,427.67,338.8,1,594.7,490.2,84.7,10.7,4.7,24,53
10:43:00,33.0208792,-117.28389538,3.16000008583069,952,428.33,364.2,1,231.2,188.8,41,8.3,4.9,24,53
10:43:02,33.02093479,-117.28393212,3.3199999332428,953,428.33,367.3,1,225.2,184.8,36.3,7.3,4.4,24,53
10:43:06,33.02103558,-117.28402854,3.75,954,428.33,368.9,1,234.8,187.7,31,6.7,3.7,24,53
10:43:15,33.02119416,-117.28435873,3.08999991416931,957,428,371.5,1,314.7,248.7,28.3,5.7,3.5,24,53
10:43:26,33.02141473,-117.28464995,2.6800000667572,961,428,373.4,1,267.7,223,36.8,4.3,3.9,24,53
10:43:28,33.02144779,-117.28459121,2.60999989509583,961,428,373.4,1,267.7,223,36.8,4.3,3.9,24,53
10:43:36,33.02168358,-117.28451647,3.11999988555908,964,427.33,371.3,1,172.7,149.3,30.3,4.3,3,24,53
10:43:48,33.02163548,-117.28458588,0.850000023841858,968,426.33,367.2,1,185.8,155.2,42.7,4.7,3.3,24,53
10:43:50,33.02164244,-117.28461853,2.23000001907349,969,426.33,366.6,1,173.7,146,40.3,4,3.3,24,53
10:43:58,33.02161862,-117.28479941,2.41000008583069,971,426.33,366.2,1,166,138.5,37,3,3.2,24,53
10:44:03,33.02148876,-117.28479531,3.32999992370605,973,426,366.7,1,195.5,158.8,32.3,4,3,24,53
10:44:13,33.02117846,-117.28462078,2.09999990463257,976,426,367,1,200,169.5,24.7,3.3,2.7,24,53
10:44:15,33.02113967,-117.28460787,1.79999995231628,977,426,366.8,1,194.7,166.2,25.3,3.7,2.7,24,53
10:44:18,33.021115,-117.28465115,1.37000000476837,978,426,366.2,1,176.2,149.8,24.3,3.7,2.8,24,53
10:44:24,33.02110763,-117.28473097,0.200000002980232,980,426,364.3,1,161.8,136.8,20.3,1.3,2.8,24,53
10:44:35,33.02113443,-117.28479757,0,984,426,361,1,175.5,139.8,18.7,0,2.8,24,53
10:44:39,33.021149,-117.28480094,0,985,426,360.1,1,181.3,139.8,21,0.3,2.7,24,53
10:44:48,33.02106831,-117.28463629,0.540000021457672,988,425.33,356.8,1,191.7,159.8,43,3.7,0,24,53
10:44:56,33.02115707,-117.28473103,2.20000004768372,991,425,350.9,1,180.7,154.5,46,5,2.7,24,52
10:45:00,33.02119818,-117.28466006,1.38999998569489,992,425,348.7,1,180.5,147.3,34.3,4.3,2.8,24,52
10:45:09,33.02142668,-117.28463656,0.779999971389771,995,425,343.6,1,187.3,149.2,20,4.3,0,24,52
10:45:21,33.02128739,-117.2843587,3.47000002861023,999,425,339.2,1,175.7,144,29.7,2,0,24,53
10:45:23,33.02131831,-117.28429136,2.9300000667572,1000,424.67,338.1,1,173,147,33.7,0.7,0,24,53
10:45:30,33.02143646,-117.28409602,1.91999995708466,1002,424.67,334.7,1,153.7,132,31,0,0,24,53
10:45:39,33.02154016,-117.28425245,1.60000002384186,1005,425,328.4,1,139.8,125.8,28,3.7,0,24,53
10:45:51,33.02162676,-117.28417793,0.360000014305115,1009,426.33,324.7,1,140.3,121.7,29.8,5.3,0,24,53
10:45:57,33.02158874,-117.28397617,3.45000004768372,1011,428,325.6,1,176.5,150,41.3,4,0,24,53
10:46:06,33.02121839,-117.28369953,6.53999996185303,1014,430.33,326.5,1,207.3,170.7,44.2,3.7,3.2,24,53
10:46:16,33.02056362,-117.2833228,8.53999996185303,1017,432,324.9,1,180.5,158.5,40.3,0.7,3.4,24,53
10:46:18,33.02040902,-117.28325376,7.98000001907349,1018,432.33,323.7,1,179.3,160,38.3,0.7,3.4,24,53
10:46:30,33.01978073,-117.28282503,5.09999990463257,1022,433.67,314.6,1,165.2,137,21.3,3.7,3.2,24,53
10:46:36,33.01944557,-117.28259801,4.92000007629395,1024,434.33,310.1,1,172.2,140.5,26.7,6.3,2.9,24,52
10:46:45,33.01928368,-117.28251755,0.879999995231628,1027,435,304.9,1,204.8,161.3,35,7.3,3,24,52
10:46:54,33.01939436,-117.28235007,1.61000001430511,1030,434.67,299.9,1,188,149.5,38,7,2.7,24,52
10:47:03,33.01939756,-117.2820885,2.14000010490418,1033,434,296.8,1,205.5,164.7,35.3,7.7,3,24,52
10:47:05,33.01940543,-117.28204186,1.95000004768372,1034,434.33,296.3,1,207.3,168.7,34,8.3,3.2,24,52
10:47:11,33.01945798,-117.28193763,1.45000004768372,1036,434.67,295.5,1,206.2,175.3,40.3,9.7,3,24,52
10:47:18,33.01963219,-117.28182888,1.5,1038,434.33,295,1,195.7,173.7,44.3,7.3,2.9,24,53
10:47:30,33.01960769,-117.28166533,1.10000002384186,1042,433.33,294.2,1,149.7,121.8,22.7,1.3,3.1,24,53
10:47:32,33.01962063,-117.2816274,0.790000021457672,1043,433,293.8,1,144.3,119.7,18.7,2,3.2,24,53
10:47:35,33.01963482,-117.28159794,0.159999996423721,1044,433,293.2,1,143.2,120.8,18.7,3.7,3,24,53
10:47:38,33.01965066,-117.28157175,2.04999995231628,1045,433,292.8,1,148,126.8,19.7,4,3,24,53
10:47:41,33.01969215,-117.28150531,1.96000003814697,1046,433,292.1,1,156.7,136,22.3,4.3,3,24,53
10:47:45,33.01975155,-117.28143211,1.82000005245209,1047,433,291.4,1,159.3,137.7,23.7,4,3,24,53
10:47:51,33.0198766,-117.28124344,0.25,1049,433.33,290,1,170,151.7,27.7,3.7,3.2,24,53
10:48:02,33.01986616,-117.28121717,0,1053,434,287.8,1,190,158.2,34.3,3.3,3.1,24,53
10:48:05,33.01984058,-117.28123179,0,1054,434,287.1,1,189.2,157.8,36.3,2.7,3.1,24,53
10:48:07,33.0198203,-117.28122659,0,1054,434,287.1,1,189.2,157.8,36.3,2.7,3.1,24,53
10:48:10,33.01980193,-117.28121536,0,1055,434.33,286.3,1,187.3,157.7,37.7,2.7,3.2,24,53
10:48:13,33.01979414,-117.28120797,0,1056,434.67,285.4,1,169.5,144.5,35.7,1.7,3,24,53
10:48:16,33.01978951,-117.28120151,0,1057,434.67,284.8,1,158.3,135.3,33.8,1,2.9,24,53
10:48:24,33.01990008,-117.28125642,0.370000004768372,1060,435,283.2,1,143.7,122.7,31.2,4,0,24,53
10:48:33,33.01995225,-117.28106701,1.69000005722046,1063,435,279.7,1,145.8,126.2,25.8,3,0,24,53
10:48:42,33.01994686,-117.28086218,2.33999991416931,1066,434.67,272.3,1,138.5,126.2,31,4,0,24,53
10:48:51,33.02009198,-117.28055653,2.19000005722046,1069,435,266.4,1,169.5,143.8,32.3,4,0,24,53
10:49:01,33.02015866,-117.28034106,2.03999996185303,1072,436,264.9,1,199.7,169,35,7.3,0,24,53
10:49:09,33.02034237,-117.28026925,2.88000011444092,1075,436,264.2,1,204,173.7,40,6,0,24,53
10:49:21,33.02044842,-117.27980843,2.16000008583069,1079,436.33,260.9,1,217.7,193.2,43.3,5.3,2.7,23,53
10:49:23,33.02046171,-117.27976113,2.64000010490418,1079,436.33,260.9,1,217.7,193.2,43.3,5.3,2.7,23,53
10:49:30,33.02060108,-117.27954589,2.00999999046326,1082,436.67,258.7,1,206.3,184.3,39.3,6.7,3.4,23,53
10:49:42,33.02070961,-117.27926739,2.34999990463257,1086,436,254.5,1,175.3,148.5,39,7,3.3,23,53
10:49:44,33.02075195,-117.27922985,1.08000004291534,1087,436,253.4,1,174.3,147,37.3,6.7,3.2,23,53
10:49:55,33.02080093,-117.27908746,1.77999997138977,1090,436,251.2,1,161.7,144.3,32,1.3,2.9,23,53
10:50:00,33.02081177,-117.27898013,1.45000004768372,1092,436,248.8,1,180.5,157,33,3,2.9,23,53
10:50:11,33.02069606,-117.27875506,2.96000003814697,1095,436,243.2,1,188.5,155.3,35,3,3,23,53
10:50:16,33.02054929,-117.27864379,2.35999989509583,1097,436,240,1,168.7,140.7,32.3,2.3,3,23,53
10:50:21,33.02040821,-117.27855925,3.16000008583069,1099,435.67,238.4,1,175.5,149,25.7,3,3.1,23,53
10:50:28,33.02017397,-117.27840755,3.14000010490418,1101,435.33,237.5,1,186.8,161.7,24.3,3.7,2.8,23,53
10:50:34,33.02000093,-117.27827872,3.33999991416931,1103,435,237,1,167.7,149,22,4,2.8,23,53
10:50:43,33.01975974,-117.27805671,3.17000007629395,1106,434.33,237.8,1,172,154.5,34.3,3.7,2.9,23,53
10:50:48,33.01961842,-117.27794908,3.77999997138977,1108,434,238.7,1,193.8,162.7,34,2.7,3.2,23,53
10:51:00,33.01919949,-117.27766455,3.67000007629395,1112,435,237.3,1,216,179.2,19.3,3.3,3.6,23,53
10:51:03,33.01908731,-117.27758303,3.53999996185303,1113,435,237.1,1,222.3,186,20.3,3.3,3.7,23,53
10:51:12,33.01876961,-117.27733629,3.3199999332428,1116,435.67,236.2,1,211.8,167.2,34.3,2.3,3.4,23,53
10:51:24,33.01844763,-117.27714416,3.6800000667572,1120,435.33,232.9,1,187.3,148.3,30,3.3,3.6,23,53
10:51:26,33.01836696,-117.27708342,3.3199999332428,1120,435.33,232.9,1,187.3,148.3,30,3.3,3.6,23,53
10:51:37,33.01807597,-117.27684093,3.14000010490418,1124,436,228.8,1,220.7,182.5,34.7,3.7,3.4,23,53
10:51:43,33.01794052,-117.27675526,1.80999994277954,1126,436,227.6,1,202.5,169.8,33.3,4.7,3.4,23,53
10:51:52,33.0180714,-117.27664634,1.82000005245209,1129,436,229.1,1,230,189.2,34.7,3.7,3.6,23,53
